_ws.col.Time	frame.number	ip.src	ip.dst	tcp.srcport	tcp.dstport	frame.len	_ws.col.Protocol	_ws.col.Absolute time
0.000000000	1	192.168.1.5	46.105.63.44	37475	9001	609	TLSv1.2	09:24:01.951543000
0.238476000	3	192.168.1.5	46.105.63.44	37475	9001	609	TLSv1.2	09:24:02.190019000
0.496613000	5	192.168.1.5	46.105.63.44	37475	9001	609	TLSv1.2	09:24:02.448156000
0.539309000	7	192.168.1.5	46.105.63.44	37475	9001	609	TLSv1.2	09:24:02.490852000
0.567626000	9	192.168.1.5	46.105.63.44	37475	9001	609	TLSv1.2	09:24:02.519169000
0.634712000	11	192.168.1.5	46.105.63.44	37475	9001	609	TLSv1.2	09:24:02.586255000
0.662363000	13	192.168.1.5	46.105.63.44	37475	9001	1152	TLSv1.2	09:24:02.613906000
