_ws.col.Time	frame.number	ip.src	ip.dst	tcp.srcport	tcp.dstport	frame.len	_ws.col.Protocol	_ws.col.Absolute time
1.757858000	7	192.168.1.5	46.105.63.44	37806	9001	609	TLSv1.2	10:16:16.785282000
1.824739000	9	192.168.1.5	46.105.63.44	37806	9001	609	TLSv1.2	10:16:16.852163000
1.852244000	11	192.168.1.5	46.105.63.44	37806	9001	609	TLSv1.2	10:16:16.879668000
1.881559000	13	192.168.1.5	46.105.63.44	37806	9001	609	TLSv1.2	10:16:16.908983000
1.997180000	15	192.168.1.5	46.105.63.44	37806	9001	609	TLSv1.2	10:16:17.024604000
2.015400000	16	192.168.1.5	46.105.63.44	37806	9001	1506	TLSv1.2	10:16:17.042824000
2.028557000	18	192.168.1.5	46.105.63.44	37806	9001	255	TLSv1.2	10:16:17.055981000
