_ws.col.Time	frame.number	ip.src	ip.dst	tcp.srcport	tcp.dstport	frame.len	_ws.col.Protocol	_ws.col.Absolute time
0.000000000	1	192.168.1.5	46.105.63.44	37596	9001	609	TLSv1.2	09:43:27.639124000
0.084526000	3	192.168.1.5	46.105.63.44	37596	9001	609	TLSv1.2	09:43:27.723650000
0.112936000	5	192.168.1.5	46.105.63.44	37596	9001	1152	TLSv1.2	09:43:27.752060000
0.221622000	7	192.168.1.5	46.105.63.44	37596	9001	609	TLSv1.2	09:43:27.860746000
0.247490000	8	192.168.1.5	46.105.63.44	37596	9001	1506	TLSv1.2	09:43:27.886614000
0.249763000	10	192.168.1.5	46.105.63.44	37596	9001	226	TLSv1.2	09:43:27.888887000
