_ws.col.Time	frame.number	ip.src	ip.dst	tcp.srcport	tcp.dstport	frame.len	_ws.col.Protocol	_ws.col.Absolute time
0.000000000	1	192.168.1.5	46.105.63.44	37539	9001	609	TLSv1.2	09:31:09.092007000
0.137127000	3	192.168.1.5	46.105.63.44	37539	9001	609	TLSv1.2	09:31:09.229134000
0.164978000	5	192.168.1.5	46.105.63.44	37539	9001	1152	TLSv1.2	09:31:09.256985000
0.272316000	7	192.168.1.5	46.105.63.44	37539	9001	1123	TLSv1.2	09:31:09.364323000
0.300244000	11	192.168.1.5	46.105.63.44	37539	9001	1123	TLSv1.2	09:31:09.392251000
