_ws.col.Time	frame.number	ip.src	ip.dst	tcp.srcport	tcp.dstport	frame.len	_ws.col.Protocol	_ws.col.Absolute time
0.000000000	1	192.168.1.5	46.105.63.44	37622	9001	609	TLSv1.2	09:45:46.735272000
0.083846000	3	192.168.1.5	46.105.63.44	37622	9001	609	TLSv1.2	09:45:46.819118000
0.111480000	5	192.168.1.5	46.105.63.44	37622	9001	1152	TLSv1.2	09:45:46.846752000
0.237539000	7	192.168.1.5	46.105.63.44	37622	9001	609	TLSv1.2	09:45:46.972811000
0.265177000	9	192.168.1.5	46.105.63.44	37622	9001	609	TLSv1.2	09:45:47.000449000
0.292405000	11	192.168.1.5	46.105.63.44	37622	9001	1152	TLSv1.2	09:45:47.027677000
