_ws.col.Time	frame.number	ip.src	ip.dst	tcp.srcport	tcp.dstport	frame.len	_ws.col.Protocol	_ws.col.Absolute time
5.532963000	3	192.168.1.2	31.13.86.2	59851	443	97	TLSv1.2	17:03:25.325757000
5.665314000	5	31.13.86.2	192.168.1.2	443	59851	97	TLSv1.2	17:03:25.458108000
