_ws.col.Time	frame.number	ip.src	ip.dst	tcp.srcport	tcp.dstport	frame.len	_ws.col.Protocol	_ws.col.Absolute time
2.205086000	7	192.168.1.2	46.105.63.44	37555	9001	609	TLSv1.2	16:30:49.339646000
2.875440000	9	192.168.1.2	46.105.63.44	37555	9001	609	TLSv1.2	16:30:50.010000000
3.161346000	11	192.168.1.2	46.105.63.44	37555	9001	609	TLSv1.2	16:30:50.295906000
3.188597000	13	192.168.1.2	46.105.63.44	37555	9001	609	TLSv1.2	16:30:50.323157000
6.642618000	15	192.168.1.2	46.105.63.44	37555	9001	609	TLSv1.2	16:30:53.777178000
