_ws.col.Time	frame.number	ip.src	ip.dst	tcp.srcport	tcp.dstport	frame.len	_ws.col.Protocol	_ws.col.Absolute time
0.000000000	1	192.168.1.2	46.105.63.44	37659	9001	609	TLSv1.2	16:54:23.922223000
0.746056000	3	192.168.1.2	46.105.63.44	37659	9001	609	TLSv1.2	16:54:24.668279000
0.773589000	5	192.168.1.2	46.105.63.44	37659	9001	609	TLSv1.2	16:54:24.695812000
0.836658000	7	192.168.1.2	46.105.63.44	37659	9001	609	TLSv1.2	16:54:24.758881000
0.864276000	9	192.168.1.2	46.105.63.44	37659	9001	609	TLSv1.2	16:54:24.786499000
3.674824000	11	192.168.1.2	46.105.63.44	37659	9001	609	TLSv1.2	16:54:27.597047000
