_ws.col.Time	frame.number	ip.src	ip.dst	tcp.srcport	tcp.dstport	frame.len	_ws.col.Protocol	_ws.col.Absolute time
4.133082000	19	192.168.1.5	35.186.213.138	34552	443	74	TCP	15:52:08.760936000
4.707836000	21	192.168.1.5	18.194.8.220	60941	443	54	TCP	15:52:09.335690000
