_ws.col.Time	frame.number	ip.src	ip.dst	tcp.srcport	tcp.dstport	frame.len	_ws.col.Protocol	_ws.col.Absolute time
0.000000000	1	192.168.1.2	46.105.63.44	37596	9001	609	TLSv1.2	16:41:06.759687000
0.051168000	3	192.168.1.2	46.105.63.44	37596	9001	609	TLSv1.2	16:41:06.810855000
0.686230000	5	192.168.1.2	46.105.63.44	37596	9001	609	TLSv1.2	16:41:07.445917000
0.793719000	7	192.168.1.2	46.105.63.44	37596	9001	609	TLSv1.2	16:41:07.553406000
0.821206000	9	192.168.1.2	46.105.63.44	37596	9001	609	TLSv1.2	16:41:07.580893000
0.849928000	11	192.168.1.2	46.105.63.44	37596	9001	609	TLSv1.2	16:41:07.609615000
