_ws.col.Time	frame.number	ip.src	ip.dst	tcp.srcport	tcp.dstport	frame.len	_ws.col.Protocol	_ws.col.Absolute time
5.128616000	5	192.168.1.9	46.105.63.44	60526	9001	609	TLSv1.2	11:32:41.582204000
5.156714000	6	46.105.63.44	192.168.1.9	9001	60526	66	TCP	11:32:41.610302000
5.222879000	7	46.105.63.44	192.168.1.9	9001	60526	609	TLSv1.2	11:32:41.676467000
5.223225000	8	192.168.1.9	46.105.63.44	60526	9001	66	TCP	11:32:41.676813000
5.229298000	9	192.168.1.9	46.105.63.44	60526	9001	609	TLSv1.2	11:32:41.682886000
5.257014000	10	46.105.63.44	192.168.1.9	9001	60526	66	TCP	11:32:41.710602000
