_ws.col.Time	frame.number	ip.src	ip.dst	tcp.srcport	tcp.dstport	frame.len	_ws.col.Protocol	_ws.col.Absolute time
6.388924000	30	192.168.1.5	31.13.86.2	58170	443	603	SSL	19:53:20.120949000
6.410944000	33	31.13.86.2	192.168.1.5	443	58170	203	TLSv1.2	19:53:20.142969000
6.411716000	35	192.168.1.5	31.13.86.2	58170	443	117	TLSv1.2	19:53:20.143741000
6.411735000	36	192.168.1.5	31.13.86.2	58170	443	248	TLSv1.2	19:53:20.143760000
6.539772000	40	31.13.86.2	192.168.1.5	443	58170	99	TLSv1.2	19:53:20.271797000
6.546449000	41	192.168.1.5	31.13.86.2	58170	443	106	TLSv1.2	19:53:20.278474000
6.547082000	42	192.168.1.5	31.13.86.2	58170	443	1327	TLSv1.2	19:53:20.279107000
6.673608000	44	31.13.86.2	192.168.1.5	443	58170	99	TLSv1.2	19:53:20.405633000
