_ws.col.Time	frame.number	ip.src	ip.dst	tcp.srcport	tcp.dstport	frame.len	_ws.col.Protocol	_ws.col.Absolute time
4.059859000	4	192.168.1.5	46.105.63.44	39923	9001	609	TLSv1.2	19:46:59.742545000
4.089381000	6	192.168.1.5	46.105.63.44	39923	9001	609	TLSv1.2	19:46:59.772067000
4.727506000	8	192.168.1.5	46.105.63.44	39923	9001	609	TLSv1.2	19:47:00.410192000
4.757431000	10	192.168.1.5	46.105.63.44	39923	9001	1152	TLSv1.2	19:47:00.440117000
6.067014000	12	192.168.1.5	46.105.63.44	39923	9001	609	TLSv1.2	19:47:01.749700000
7.025396000	28	192.168.1.5	46.105.63.44	39923	9001	609	TLSv1.2	19:47:02.708082000
7.053396000	30	192.168.1.5	46.105.63.44	39923	9001	609	TLSv1.2	19:47:02.736082000
7.081279000	32	192.168.1.5	46.105.63.44	39923	9001	609	TLSv1.2	19:47:02.763965000
