_ws.col.Time	frame.number	ip.src	ip.dst	tcp.srcport	tcp.dstport	frame.len	_ws.col.Protocol	_ws.col.Absolute time
6.024730000	10	192.168.1.5	31.13.86.2	58262	443	603	SSL	20:05:44.779708000
6.046493000	13	31.13.86.2	192.168.1.5	443	58262	203	TLSv1.2	20:05:44.801471000
6.047024000	15	192.168.1.5	31.13.86.2	58262	443	117	TLSv1.2	20:05:44.802002000
6.047251000	16	192.168.1.5	31.13.86.2	58262	443	248	TLSv1.2	20:05:44.802229000
6.185737000	18	31.13.86.2	192.168.1.5	443	58262	99	TLSv1.2	20:05:44.940715000
6.191456000	19	192.168.1.5	31.13.86.2	58262	443	106	TLSv1.2	20:05:44.946434000
6.192205000	20	192.168.1.5	31.13.86.2	58262	443	1404	TLSv1.2	20:05:44.947183000
6.330732000	22	31.13.86.2	192.168.1.5	443	58262	99	TLSv1.2	20:05:45.085710000
