_ws.col.Time	frame.number	ip.src	ip.dst	tcp.srcport	tcp.dstport	frame.len	_ws.col.Protocol	_ws.col.Absolute time
1.242808000	3	192.168.1.2	104.244.42.66	44919	443	821	TLSv1.2	12:33:50.003983000
1.440728000	5	104.244.42.66	192.168.1.2	443	44919	538	TLSv1.2	12:33:50.201903000
1.582491000	7	192.168.1.2	104.244.42.66	44919	443	522	TLSv1.2	12:33:50.343666000
1.800371000	9	104.244.42.66	192.168.1.2	443	44919	208	TLSv1.2	12:33:50.561546000
