_ws.col.Time	frame.number	ip.src	ip.dst	tcp.srcport	tcp.dstport	frame.len	_ws.col.Protocol	_ws.col.Absolute time
3.242740000	3	192.168.1.2	46.105.63.44	56682	9001	1123	TLSv1.2	13:49:23.459744000
3.538745000	5	46.105.63.44	192.168.1.2	9001	56682	1123	TLSv1.2	13:49:23.755749000
3.683366000	7	192.168.1.2	46.105.63.44	56682	9001	609	TLSv1.2	13:49:23.900370000
3.947204000	9	46.105.63.44	192.168.1.2	9001	56682	609	TLSv1.2	13:49:24.164208000
