_ws.col.Time	frame.number	ip.src	ip.dst	tcp.srcport	tcp.dstport	frame.len	_ws.col.Protocol	_ws.col.Absolute time
5.121119000	10	192.168.1.2	46.105.63.44	56366	9001	1123	TLSv1.2	12:44:51.830989000
5.395301000	12	46.105.63.44	192.168.1.2	9001	56366	609	TLSv1.2	12:44:52.105171000
9.585648000	14	192.168.1.2	46.105.63.44	56366	9001	1506	TCP	12:44:56.295518000
9.585746000	15	192.168.1.2	46.105.63.44	56366	9001	197	TLSv1.2	12:44:56.295616000
9.613921000	17	192.168.1.2	46.105.63.44	56366	9001	609	TLSv1.2	12:44:56.323791000
9.641810000	19	192.168.1.2	46.105.63.44	56366	9001	1123	TLSv1.2	12:44:56.351680000
9.998026000	23	46.105.63.44	192.168.1.2	9001	56366	609	TLSv1.2	12:44:56.707896000
10.098962000	25	46.105.63.44	192.168.1.2	9001	56366	1506	TCP	12:44:56.808832000
10.099448000	27	46.105.63.44	192.168.1.2	9001	56366	197	TLSv1.2	12:44:56.809318000
