_ws.col.Time	frame.number	ip.src	ip.dst	tcp.srcport	tcp.dstport	frame.len	_ws.col.Protocol	_ws.col.Absolute time
0.000000000	1	192.168.1.2	46.105.63.44	56651	9001	1123	TLSv1.2	13:44:53.438344000
0.027578000	3	192.168.1.2	46.105.63.44	56651	9001	609	TLSv1.2	13:44:53.465922000
0.491303000	5	46.105.63.44	192.168.1.2	9001	56651	609	TLSv1.2	13:44:53.929647000
4.598372000	9	192.168.1.2	46.105.63.44	56651	9001	1123	TLSv1.2	13:44:58.036716000
4.610075000	10	192.168.1.2	46.105.63.44	56651	9001	1506	TLSv1.2	13:44:58.048419000
4.627106000	12	192.168.1.2	46.105.63.44	56651	9001	226	TLSv1.2	13:44:58.065450000
5.015964000	15	46.105.63.44	192.168.1.2	9001	56651	1506	TCP	13:44:58.454308000
5.016377000	17	46.105.63.44	192.168.1.2	9001	56651	711	TLSv1.2	13:44:58.454721000
5.018100000	19	192.168.1.2	46.105.63.44	56651	9001	609	TLSv1.2	13:44:58.456444000
