_ws.col.Time	frame.number	ip.src	ip.dst	tcp.srcport	tcp.dstport	frame.len	_ws.col.Protocol	_ws.col.Absolute time
0.000000000	1	192.168.1.2	104.244.42.66	47422	443	824	TLSv1.2	12:49:52.985915000
0.171271000	3	104.244.42.66	192.168.1.2	443	47422	542	TLSv1.2	12:49:53.157186000
0.369403000	5	192.168.1.2	104.244.42.66	47422	443	519	TLSv1.2	12:49:53.355318000
0.525746000	7	104.244.42.66	192.168.1.2	443	47422	273	TLSv1.2	12:49:53.511661000
